Gene ID,Expression pattern,Fitted function,adjusted P-value,R-squared,mod_rsquared_adj,Terminal_logFC,Transient_logFC,Switching_time,area,cluster
GRXCR2,linear down quadratic up,linear_quadratic,0,0.29,0.65,-0.02,-1.8,0.03,59.63,4
SEMA5A,linear down quadratic up,linear_quadratic,0,0.25,0.63,-0.12,-0.82,0.1,48.83,2
PRKG1,linear down quadratic down,linear_quadratic,0,0.19,0.61,-0.19,-0.01,0.62,10.97,1
FHOD3,linear down quadratic up,linear_quadratic,0,0.19,0.61,0.01,-2.06,0.97,64.71,4
L3MBTL4,linear down quadratic up,linear_quadratic,0,0.19,0.60,-0.05,-1.51,0.04,56.02,4
NLGN1,linear down quadratic up,linear_quadratic,0,0.19,0.61,-0.18,-0.12,0.21,29.2,2
PDE1A,linear down quadratic up,linear_quadratic,0,0.18,0.61,0.01,-1.97,0.97,60.93,4
MALAT1,linear up quadratic down,linear_quadratic,2.63458465658498E-08,0.18,0.59,-0.14,0.54,0.87,41.93,1
PRELID2,linear down quadratic up,linear_quadratic,0,0.18,0.60,-0.1,-1.09,0.07,53.39,4
PPP1R1C,linear down quadratic up,linear_quadratic,0,0.18,0.59,-0.18,-0.17,0.18,32.03,2
LRRTM3,linear up quadratic down,linear_quadratic,9.64153649947744E-16,0.18,0.60,-0.13,0.69,0.89,45.77,1
PDLIM3,linear up quadratic down,linear_quadratic,0,0.17,0.59,-0.05,1.57,0.96,57.86,6
RRAD,linear up quadratic down,linear_quadratic,0,0.17,0.60,-0.05,1.54,0.96,57.19,6
AC022034.3,linear down quadratic up,linear_quadratic,0,0.17,0.60,-0.02,-1.93,0.03,61.49,4
AC011287.1,linear down quadratic up,linear_quadratic,0,0.17,0.61,-0.19,-0.05,0.25,25.06,2
HDAC9,linear down quadratic up,linear_quadratic,0,0.16,0.59,-0.19,-0.02,0.35,14.87,2
NEAT1,linear up,linear,0,0.16,0.58,0.21,0,0.5,0.33,5
PLEKHA5,linear down quadratic up,linear_quadratic,0,0.16,0.60,-0.07,-1.57,0.05,61.48,4
SLC8A1-AS1,linear up quadratic down,linear_quadratic,1.17931342578393E-55,0.16,0.59,-0.12,0.78,0.9,47.74,1
PDE1C,linear down quadratic up,linear_quadratic,0,0.15,0.59,-0.02,-2.01,0.03,65.8,4
SYNPO2,linear down quadratic up,linear_quadratic,0,0.15,0.59,-0.18,-0.13,0.21,28.21,2
LINC01428,linear down quadratic up,linear_quadratic,0,0.15,0.57,-0.15,-0.44,0.14,39.98,2
MBNL1,linear down,linear,0,0.15,0.58,-0.2,0,0.53,2.34,2
MLIP,linear up quadratic down,linear_quadratic,0,0.14,0.58,-0.18,-0.01,0.69,16.33,1
AUTS2,linear down quadratic up,linear_quadratic,3.08866201831383E-284,0.14,0.58,0.06,-1.47,0.97,58.98,4
CHRM2,linear down quadratic up,linear_quadratic,0,0.14,0.58,-0.19,-0.02,0.32,16.7,2
DLC1,linear down quadratic up,linear_quadratic,0,0.14,0.58,-0.01,-2.08,0.03,64.25,4
ADAMTS6,linear down quadratic up,linear_quadratic,0,0.14,0.57,-0.02,-1.8,0.03,58.94,4
TENT5A,linear down quadratic up,linear_quadratic,3.29659791700046E-200,0.14,0.58,0.11,-1.04,0.93,53.14,3
MGAT4C,linear down,linear,0,0.13,0.57,-0.2,0,0.5,0.48,2
CPNE5,linear down quadratic up,linear_quadratic,2.25981347899704E-06,0.13,0.61,0.15,-0.5,0.87,42.1,3
EMC10,linear down quadratic up,linear_quadratic,2.89611812514057E-110,0.13,0.57,0.17,-0.29,0.84,36.01,3
EIF1B,linear up quadratic down,linear_quadratic,0,0.13,0.56,-0.03,1.77,0.97,59.22,6
AC008014.1,linear down quadratic up,linear_quadratic,0,0.12,0.56,-0.09,-1.21,0.06,54.49,4
LINC00513,linear up quadratic down,linear_quadratic,1.44259574491334E-122,0.12,0.56,-0.1,1.01,0.92,51.67,1
MLIP-AS1,linear up quadratic down,linear_quadratic,3.78710789487673E-29,0.12,0.56,-0.15,0.43,0.86,39.33,1
CTNNA3,linear up quadratic down,linear_quadratic,0,0.12,0.58,-0.17,-0.03,0.71,16.48,1
LINC02334,linear down quadratic up,linear_quadratic,0,0.12,0.56,-0.13,-0.76,0.1,47.41,2
PACRG,linear down,linear,0,0.12,0.56,-0.2,0,0.51,1.36,2
MIR1-1HG,linear up quadratic down,linear_quadratic,0,0.12,0.56,0.17,0.23,0.18,33.38,5
TECRL,linear up quadratic down,linear_quadratic,0,0.11,0.57,-0.18,0,0.68,15.93,1
RNF150,linear down quadratic up,linear_quadratic,0,0.11,0.58,-0.06,-1.66,0.03,63.54,4
LAMA2,linear down quadratic up,linear_quadratic,0,0.11,0.57,-0.18,-0.08,0.36,14.42,2
INPP4B,quadratic down,quadratic,0,0.11,0.57,-0.2,0,0.63,12.53,1
EXT1,linear down quadratic up,linear_quadratic,1.24601963293011E-205,0.11,0.56,0.07,-1.43,0.96,58.03,4
PLXNA4,linear down quadratic up,linear_quadratic,1.2773857024968E-303,0.11,0.56,-0.03,-1.77,0.03,60.86,4
PLN,linear up quadratic down,linear_quadratic,2.10678974463078E-58,0.11,0.56,-0.11,0.9,0.91,49.78,1
FBXL7,linear down quadratic up,linear_quadratic,5.87052609223051E-278,0.11,0.57,0.02,-1.94,0.97,62.33,4
PCDH7,linear down quadratic up,linear_quadratic,0,0.11,0.58,-0.21,-0.01,0.31,20.04,2
DISC1,linear up quadratic down,linear_quadratic,6.78473265207994E-56,0.11,0.56,-0.12,0.85,0.91,49,1
SLC25A4,linear up quadratic down,linear_quadratic,2.11953351855395E-110,0.11,0.55,-0.1,1.09,0.93,52.75,1
AC018362.1,linear up quadratic down,linear_quadratic,2.24687218209437E-81,0.10,0.55,-0.11,0.98,0.92,51.16,1
ADGRL2,linear down quadratic up,linear_quadratic,0,0.10,0.56,-0.13,-0.72,0.11,46.96,2
COL21A1,linear down quadratic up,linear_quadratic,1.394344434e-314,0.10,0.55,-0.09,-1.2,0.06,54.32,4
THSD4,linear down quadratic up,linear_quadratic,6.08869769256276E-250,0.10,0.58,0.09,-1.26,0.96,57.53,3
TNNI3K,linear down,linear,0,0.10,0.57,-0.2,-0.01,0.5,0.52,2
ZFPM2-AS1,linear up quadratic down,linear_quadratic,0.000167553209929,0.10,0.55,-0.14,0.63,0.89,44.42,1
MIR133A1HG,linear up quadratic down,linear_quadratic,8.78955437735288E-171,0.10,0.55,-0.18,0.16,0.8,30.64,1
MIR646HG,linear down quadratic up,linear_quadratic,4.16330226101291E-274,0.10,0.57,0.01,-1.92,0.97,60.62,4
AP005329.2,linear up quadratic down,linear_quadratic,2.49642109586111E-163,0.10,0.55,-0.17,0.18,0.81,31.97,1
GABRB1,linear down quadratic up,linear_quadratic,0,0.10,0.55,-0.2,0,0.3,18.61,2
OSBPL8,linear down quadratic up,linear_quadratic,0,0.10,0.55,-0.02,-1.96,0.03,63.07,4
AC009264.1,linear up quadratic down,linear_quadratic,5.00830844803814E-187,0.10,0.55,-0.18,0.15,0.8,30.12,1
AC010680.5,linear up quadratic down,linear_quadratic,1.35768052669238E-32,0.10,0.55,-0.12,0.79,0.9,47.65,1
KLHL31,linear up quadratic down,linear_quadratic,4.34910677775891E-17,0.10,0.55,-0.13,0.72,0.89,46.5,1
RCAN2,linear down quadratic up,linear_quadratic,0,0.10,0.57,-0.15,-0.39,0.14,38.04,2
FBN2,linear down quadratic up,linear_quadratic,2.51576997495799E-215,0.09,0.55,0.04,-1.75,0.97,62.28,4
CTNND2,linear down quadratic up,linear_quadratic,0,0.09,0.55,-0.2,-0.01,0.35,14.18,2
PALLD,linear down quadratic up,linear_quadratic,2.1373e-320,0.09,0.56,-0.09,-1.25,0.06,57.1,2
SPHKAP,quadratic down,quadratic,0,0.09,0.56,-0.2,0,0.66,15.21,1
PPP1R3C,linear up quadratic down,linear_quadratic,2.5193810075016E-88,0.09,0.55,-0.11,0.96,0.92,50.61,1
NRG2,linear down quadratic up,linear_quadratic,1.32483063026466E-225,0.09,0.55,-0.03,-1.8,0.03,60.16,4
DPH6-DT,linear up quadratic down,linear_quadratic,2.24013764612769E-27,0.09,0.55,-0.16,0.37,0.85,38.27,1
PLCXD3,quadratic down,quadratic,0,0.09,0.56,-0.19,0,0.66,14.15,1
CERS6,linear down quadratic up,linear_quadratic,0,0.09,0.55,-0.19,-0.03,0.37,12.51,2
CBR4,linear up quadratic down,linear_quadratic,2.87176217307954E-34,0.09,0.54,-0.16,0.36,0.85,37.21,1
CD36,linear up quadratic down,linear_quadratic,1.52491378214814E-206,0.09,0.56,-0.17,0.1,0.77,25.37,1
CPVL,linear up quadratic down,linear_quadratic,1.50049340452542E-14,0.09,0.54,-0.13,0.72,0.89,46.25,1
AL513487.1,linear up quadratic down,linear_quadratic,0,0.09,0.54,-0.2,0,0.68,17.43,1
B4GALT1,linear up quadratic down,linear_quadratic,3.98513978779296E-279,0.09,0.54,0.06,1.5,0.04,57.64,6
ARHGAP24,linear down quadratic up,linear_quadratic,4.17895073066318E-271,0.09,0.55,-0.11,-1.03,0.08,52.65,2
DST,linear down quadratic up,linear_quadratic,4.03908195521823E-178,0.08,0.56,0.03,-2.11,0.97,69.72,4
PTPRM,linear down quadratic up,linear_quadratic,0,0.08,0.56,-0.08,-1.47,0.05,61.26,4
VLDLR-AS1,linear up quadratic down,linear_quadratic,6.33239214606042E-20,0.08,0.54,-0.13,0.67,0.89,45.27,1
AC100800.1,linear up quadratic down,linear_quadratic,3.35487676181783E-20,0.08,0.54,-0.13,0.75,0.9,46.87,1
SAMD12,linear down,linear,0,0.08,0.54,-0.2,0,0.49,0.62,2
RILPL1,linear up quadratic down,linear_quadratic,5.70487824681726E-301,0.08,0.54,0.15,0.5,0.13,41.3,6
HOOK2,linear up quadratic down,linear_quadratic,2.88274098413802E-97,0.08,0.54,-0.08,1.3,0.94,55.25,6
PALMD,linear up quadratic down,linear_quadratic,3.77668844109716E-29,0.08,0.54,-0.12,0.81,0.9,47.69,1
RFX2,linear up quadratic down,linear_quadratic,1.53309656594078E-274,0.08,0.54,-0.05,1.54,0.96,57.59,6
AC005400.1,linear up quadratic down,linear_quadratic,4.27878654267463E-56,0.08,0.54,-0.11,0.89,0.91,49.63,1
MPPED2,linear down quadratic up,linear_quadratic,4.88311770951736E-302,0.08,0.54,-0.13,-0.64,0.11,44.13,2
AC139720.1,linear up quadratic down,linear_quadratic,7.71864952655777E-26,0.08,0.54,-0.16,0.4,0.86,38.76,1
CLEC2D,linear down quadratic up,linear_quadratic,0,0.08,0.54,-0.13,-0.8,0.09,48.96,2
ZBTB20-AS5,linear up quadratic down,linear_quadratic,1.50955501862319E-10,0.08,0.54,-0.13,0.72,0.89,46.37,1
FBXL17,linear down,linear,0,0.08,0.55,-0.2,0,0.51,1.18,2
PYGB,linear down quadratic up,linear_quadratic,5.66984932326394E-144,0.08,0.54,0.05,-1.59,0.97,59.23,4
TXNIP,linear up quadratic down,linear_quadratic,4.54573602956407E-250,0.08,0.54,0.12,0.85,0.09,48.46,6
LINC02615,linear down quadratic up,linear_quadratic,0,0.08,0.54,-0.12,-0.84,0.1,48.06,2
MYBPC3,linear up quadratic down,linear_quadratic,0,0.08,0.56,0.21,0,0.43,6.85,5
TTN,linear down quadratic up,linear_quadratic,3.63757648087828E-188,0.07,0.54,-0.09,-1.24,0.05,56.26,2
LINC00486,linear up,linear,0,0.07,0.54,0.21,0,0.5,0.18,5
TCAP,linear up quadratic down,linear_quadratic,2.02133370685103E-61,0.07,0.54,-0.11,0.92,0.92,50.39,1
TRIM63,linear up quadratic down,linear_quadratic,5.07304371857286E-244,0.07,0.54,0.08,1.26,0.06,54.84,6
ABLIM3,linear down quadratic up,linear_quadratic,2.21767354522054E-226,0.07,0.54,-0.11,-0.91,0.09,50.22,2
GRAMD4,linear up quadratic down,linear_quadratic,0,0.07,0.54,0.2,0,0.47,3.45,5
PIK3R1,linear down quadratic up,linear_quadratic,3.749637634823e-312,0.07,0.54,-0.18,-0.12,0.21,28.18,2
TXLNB,linear down quadratic up,linear_quadratic,4.50564267805e-312,0.07,0.54,-0.2,0,0.42,8.25,2
ETFDH,linear up quadratic down,linear_quadratic,0.002596605813244,0.07,0.54,-0.15,0.48,0.87,40.77,1
ZBTB20,quadratic down,quadratic,0,0.07,0.56,-0.18,-0.03,0.66,12.34,1
CKMT2,linear up quadratic down,linear_quadratic,0.000240303551315,0.07,0.54,-0.15,0.51,0.87,41.3,1
CCDC141,linear down,linear,0,0.07,0.55,-0.19,-0.01,0.51,0.26,2
SGCD,linear up quadratic down,linear_quadratic,0,0.07,0.57,-0.19,0,0.69,17.04,1
LDB3,linear down quadratic up,linear_quadratic,1.51168463969836E-238,0.07,0.55,0.19,-0.05,0.76,25.22,5
HECW2,linear down quadratic up,linear_quadratic,1.34589001612567E-285,0.07,0.54,-0.21,0,0.38,12.06,2
PTPRG,linear down quadratic up,linear_quadratic,3.26663131126172E-93,0.07,0.55,0.09,-1.26,0.95,56.61,3
NEK7,linear down quadratic up,linear_quadratic,1.11573561387197E-266,0.07,0.54,-0.04,-1.79,0.03,61.88,4
MTUS2,linear down quadratic up,linear_quadratic,0,0.07,0.54,-0.18,-0.15,0.18,32.37,2
AC079142.1,linear down quadratic up,linear_quadratic,7.06703595917664E-250,0.07,0.53,-0.1,-1.13,0.07,54.04,4
DTNA,linear up quadratic down,linear_quadratic,6.7002344023047E-223,0.07,0.55,-0.18,0,0.69,16.5,1
EPHA4,linear down quadratic up,linear_quadratic,1.17028686554178E-160,0.07,0.54,0.01,-1.98,0.97,60.86,4
AC018464.1,linear up quadratic down,linear_quadratic,1.99893415473678E-10,0.07,0.53,-0.16,0.41,0.86,39.3,1
CBLB,linear down quadratic up,linear_quadratic,1.66018002802154E-276,0.07,0.55,-0.15,-0.33,0.16,35.18,2
C15orf41,linear down quadratic up,linear_quadratic,1.77352393278672E-200,0.07,0.56,-0.01,-2.09,0.03,64.48,4
LRMDA,linear up quadratic down,linear_quadratic,1.75467474400756E-113,0.07,0.54,-0.07,1.39,0.95,56.51,6
ELL2,linear down quadratic up,linear_quadratic,2.57131664450394E-141,0.07,0.54,0.06,-1.6,0.97,60.69,4
MARK3,linear down quadratic up,linear_quadratic,1.12300146370838E-199,0.07,0.54,-0.04,-1.73,0.03,60.84,4
ZFPM2,linear down,linear,5.9e-322,0.07,0.55,-0.2,-0.01,0.52,1.28,2
MTFR1,linear up quadratic down,linear_quadratic,4.82635960193364E-14,0.07,0.53,-0.15,0.42,0.86,39.04,1
DPF3,linear up quadratic down,linear_quadratic,6.34677672968682E-235,0.07,0.55,0.15,0.46,0.14,39.1,6
PLIN5,linear up quadratic down,linear_quadratic,2.76721580934181E-102,0.07,0.54,-0.09,1.13,0.93,52.97,1
SMYD1,linear down,linear,3.74773911342611E-296,0.07,0.53,-0.2,0,0.51,0.79,2
PTPRK,linear down quadratic down,linear_quadratic,9.22122289695e-312,0.07,0.54,-0.2,0,0.58,7.82,1
POLR2J3,linear up quadratic down,linear_quadratic,1.93727904144958E-213,0.06,0.53,0.09,1.17,0.06,53.89,6
MYH7B,linear up quadratic down,linear_quadratic,3.36919652441156E-218,0.06,0.53,0.13,0.66,0.11,44.74,6
PCDH9-AS2,linear up quadratic down,linear_quadratic,0.000360809261241,0.06,0.53,-0.14,0.65,0.89,44.75,1
VWA8,quadratic down,quadratic,5.641667177e-315,0.06,0.54,-0.2,0,0.65,13.89,1
TMEM245,linear down quadratic up,linear_quadratic,3.37077483588818E-254,0.06,0.53,-0.15,-0.51,0.14,41.01,2
GNG7,linear up,linear,1.68184993180608E-285,0.06,0.53,0.21,0,0.5,0.15,5
AC022034.1,linear down quadratic up,linear_quadratic,1.52412723335216E-255,0.06,0.53,-0.18,-0.11,0.22,27.62,2
AC087286.2,linear up quadratic down,linear_quadratic,2.71799837548547E-79,0.06,0.53,-0.1,1.1,0.93,53.01,1
AC243964.3,linear up quadratic down,linear_quadratic,8.56608603407607E-87,0.06,0.53,-0.1,1.03,0.92,51.85,1
PHTF2,linear down quadratic up,linear_quadratic,2.57438243965662E-153,0.06,0.53,-0.03,-1.77,0.03,60.32,4
PRKN,linear down quadratic up,linear_quadratic,2.49097490164793E-262,0.06,0.56,-0.08,-1.42,0.05,59.69,4
FGF12,linear down quadratic up,linear_quadratic,0,0.06,0.57,-0.21,-0.01,0.3,20.99,2
TBC1D5,linear down,linear,1.58104196478409E-301,0.06,0.53,-0.19,-0.01,0.5,0.06,2
TRIQK,linear down quadratic down,linear_quadratic,9.58193872663753E-265,0.06,0.53,-0.2,0,0.61,11.08,1
TNNT2,linear down quadratic up,linear_quadratic,2.32969176963539E-118,0.06,0.54,0.17,-0.2,0.81,31.67,3
AC092640.1,linear up quadratic down,linear_quadratic,1.97527221858486E-23,0.06,0.53,-0.16,0.36,0.85,37.68,1
NEBL,linear down quadratic up,linear_quadratic,5.93037313556909E-114,0.06,0.54,0.02,-2.15,0.97,69.74,4
DES,linear up quadratic down,linear_quadratic,1.09877528074444E-265,0.06,0.53,0.21,0,0.38,12.28,5
GTF2IRD1,quadratic up,quadratic,5.74375977621653E-258,0.06,0.53,0.2,0,0.65,14.1,5
MYOM1,linear down,linear,1.38167039792859E-268,0.06,0.55,-0.18,0,0.47,2.42,2
DLG2,linear down quadratic up,linear_quadratic,1.32360620323575E-256,0.06,0.56,-0.08,-1.29,0.07,55.27,2
PLCL2,linear up quadratic down,linear_quadratic,1.64753805906559E-05,0.06,0.54,-0.12,0.72,0.89,45.23,1
C6,linear up quadratic down,linear_quadratic,2.39263184933205E-32,0.06,0.53,-0.12,0.88,0.91,49.44,1
UBR4,linear down quadratic up,linear_quadratic,4.95975812076743E-90,0.06,0.53,0.02,-1.9,0.97,62.36,4
TRDN-AS1,quadratic down,quadratic,7.55158435590391E-289,0.06,0.55,-0.2,0,0.64,13.33,1
PSD3,linear up quadratic down,linear_quadratic,4.19409753521615E-29,0.06,0.54,-0.16,0.28,0.83,33.56,1
PRR16,quadratic down,quadratic,8.03069060868506E-252,0.06,0.53,-0.2,0,0.66,15.07,1
ATG10,linear down quadratic up,linear_quadratic,1.09744016124008E-137,0.06,0.53,-0.02,-1.82,0.03,59.42,4
MYL3,linear down quadratic up,linear_quadratic,1.46212949155701E-138,0.06,0.54,0.07,-1.63,0.97,64.53,4
NEXN,linear up quadratic down,linear_quadratic,7.00696811145627E-13,0.06,0.54,-0.15,0.41,0.84,36.56,1
SSBP2,linear down quadratic up,linear_quadratic,5.78837056530045E-229,0.06,0.53,-0.15,-0.42,0.14,39.49,2
CALM2,linear up quadratic down,linear_quadratic,1.42998181450117E-149,0.06,0.53,-0.03,1.73,0.97,59.26,6
TNNI3,linear up quadratic down,linear_quadratic,1.7703230109123E-226,0.06,0.53,0.18,0.09,0.23,26.11,5
STRADB,linear up quadratic down,linear_quadratic,4.18041309723949E-53,0.06,0.53,-0.16,0.35,0.85,37.16,1
COBLL1,linear down quadratic up,linear_quadratic,5.13964067641615E-226,0.06,0.53,-0.17,-0.23,0.19,32.3,2
EYA4,linear down,linear,1.17431572695098E-261,0.06,0.53,-0.21,0,0.51,1.32,2
MYOZ2,linear up quadratic down,linear_quadratic,1.38227650337249E-59,0.06,0.55,-0.17,0.28,0.83,35.04,1
CSDC2,linear up quadratic down,linear_quadratic,3.53029968968937E-209,0.06,0.53,0.14,0.62,0.12,43.73,6
INSR,linear down quadratic up,linear_quadratic,3.13034413135374E-21,0.06,0.53,0.16,-0.42,0.87,41.28,3
PKIA,linear up quadratic down,linear_quadratic,3.73209865843785E-215,0.06,0.53,-0.19,0.02,0.73,21.89,1
LAMA4,linear down quadratic up,linear_quadratic,1.47774921601115E-136,0.06,0.53,0.03,-1.83,0.97,62.23,4
PAM,linear down,linear,1.09604000834012E-258,0.05,0.54,-0.19,-0.03,0.51,0.03,2
AC093879.1,linear up quadratic down,linear_quadratic,2.31282147341081E-30,0.05,0.53,-0.12,0.86,0.91,48.95,1
MEIS2,linear down quadratic up,linear_quadratic,2.14045330821764E-237,0.05,0.54,-0.15,-0.45,0.14,40.46,2
AL133257.1,linear up quadratic down,linear_quadratic,0.00169678195251,0.05,0.53,-0.15,0.52,0.87,41.89,1
DOCK3,linear down quadratic up,linear_quadratic,2.67891705257298E-202,0.05,0.53,-0.01,-2.02,0.03,63.29,4
CRYAB,linear up quadratic down,linear_quadratic,7.52219114961661E-15,0.05,0.53,-0.13,0.75,0.9,46.98,1
TANGO2,linear up quadratic down,linear_quadratic,4.07364244203811E-257,0.05,0.53,0.2,0,0.33,16.12,5
BZW2,linear down,linear,3.57625692916333E-245,0.05,0.53,-0.21,0,0.52,1.91,2
ERBB4,quadratic down,quadratic,1.63353961183544E-243,0.05,0.54,-0.2,0,0.64,13.24,1
MDH1,linear up quadratic down,linear_quadratic,2.58119382330006E-27,0.05,0.53,-0.12,0.83,0.91,48.72,1
CSRP3,linear up quadratic down,linear_quadratic,1.52840113958119E-67,0.05,0.53,-0.09,1.21,0.94,54.57,1
LINC02147,linear up quadratic down,linear_quadratic,3.30594742518242E-09,0.05,0.53,-0.13,0.72,0.9,46.57,1
AC090348.1,quadratic down,quadratic,2.91790734251041E-213,0.05,0.53,-0.2,0,0.65,14.51,1
KDM4B,linear up,linear,3.34307056111355E-233,0.05,0.53,0.21,0,0.5,0.27,5
ESRRG,linear down,linear,2.90057971798957E-302,0.05,0.55,-0.19,-0.02,0.53,1.81,2
PDK4,linear up quadratic down,linear_quadratic,4.65343511997088E-08,0.05,0.56,-0.15,0.39,0.85,37.39,1
ADGRL3-AS1,linear up quadratic down,linear_quadratic,4.9571549992365E-57,0.05,0.53,-0.1,1.01,0.92,51.58,1
PDZRN3,linear up quadratic down,linear_quadratic,6.87592527493773E-211,0.05,0.55,-0.18,0.01,0.71,18.42,1
AC093912.1,linear down quadratic up,linear_quadratic,9.03863158116042E-132,0.05,0.53,-0.01,-1.78,0.03,56.36,4
AC027117.2,linear down,linear,4.16541357190401E-23,-0.05,0.48,-0.2,-0.02,0.49,1.68,2
PLA2G12A,linear up quadratic down,linear_quadratic,3.52030460816738E-10,-0.05,0.48,-0.13,0.76,0.9,47,1
MAPKBP1,linear up quadratic down,linear_quadratic,8.26218552725416E-07,-0.05,0.48,-0.13,0.65,0.89,44.63,1
PTPN9,linear up,linear,1.05464767306095E-17,-0.05,0.48,0.22,0,0.48,2.46,5
CAND1,linear up quadratic down,linear_quadratic,0.037075179936192,-0.05,0.48,-0.16,0.31,0.84,36.54,1
PSMD11,linear up quadratic down,linear_quadratic,6.96378651008333E-07,-0.05,0.48,-0.13,0.63,0.88,43.71,1
E2F3,linear up,linear,5.32511749280094E-18,-0.05,0.48,0.2,0,0.46,4.05,5
TRIM73,quadratic down,quadratic,7.73555637200872E-31,-0.05,0.48,-0.2,0,0.66,15.79,1
ARL17B,linear up quadratic down,linear_quadratic,1.743759760671E-34,-0.05,0.48,-0.16,0.35,0.85,37.47,1
GRB14,linear down,linear,1.13647447044341E-71,-0.05,0.48,-0.2,0,0.5,0.35,2
DNAJC2,linear up quadratic down,linear_quadratic,1.7971855763755E-29,-0.05,0.48,-0.1,1.03,0.92,51.67,1
HNRNPLL,linear up quadratic down,linear_quadratic,0.004061592289229,-0.05,0.48,-0.16,0.36,0.85,38.02,1
GK5,linear down,linear,0.000632102168055,-0.05,0.48,-0.19,-0.01,0.49,1,2
MFSD8,linear down,linear,1.39419904508637E-21,-0.05,0.48,-0.21,0,0.53,2.8,2
DRG1,linear up quadratic down,linear_quadratic,2.41103253209971E-05,-0.05,0.48,-0.13,0.7,0.89,45.99,1
ERVK13-1,linear up quadratic down,linear_quadratic,6.84080802419269E-10,-0.05,0.48,-0.18,0.15,0.8,30.16,1
CAB39L,quadratic down,quadratic,3.30767700337046E-40,-0.05,0.48,-0.2,0,0.65,14.27,1
ABI3BP,linear up quadratic down,linear_quadratic,6.26201338506282E-31,-0.05,0.48,-0.12,0.88,0.91,49.46,1
HSP90AB1,linear up quadratic down,linear_quadratic,3.76277811925065E-80,-0.05,0.48,-0.09,1.2,0.94,54.48,1
MED15,quadratic up,quadratic,2.05210550409272E-22,-0.05,0.48,0.21,0,0.64,13.83,5
CYP39A1,linear up quadratic down,linear_quadratic,2.42683820842358E-43,-0.05,0.48,-0.18,0.11,0.79,28.38,1
SPARCL1,linear up quadratic down,linear_quadratic,1.10857455129451E-19,-0.05,0.48,-0.12,0.89,0.91,49.58,1
CERS5,linear up,linear,3.87505889840171E-16,-0.05,0.48,0.22,0,0.49,0.78,5
RNASEH2B,linear down,linear,1.39823662820165E-19,-0.05,0.48,-0.2,0,0.51,0.98,2
RHOA,linear up,linear,6.04611428949971E-33,-0.05,0.48,0.22,0,0.51,1.33,5
SCAI,linear up,linear,1.75704972787583E-09,-0.05,0.48,0.23,0,0.53,3.86,5
ZFAND4,linear down,linear,0.006883228288305,-0.05,0.47,-0.2,0,0.48,2.25,2
HNRNPR,linear down,linear,0.002396263993292,-0.05,0.47,-0.21,0,0.5,0.37,2
MRPS31,linear up quadratic down,linear_quadratic,5.97883345638711E-05,-0.05,0.47,-0.17,0.22,0.82,33.44,1
CHD4,quadratic up,quadratic,4.17316400126426E-48,-0.05,0.48,0.2,0,0.64,13.28,5
ZNF717,linear up quadratic down,linear_quadratic,0.002959183870647,-0.05,0.47,-0.14,0.56,0.87,42.5,1
CHKB,linear up quadratic down,linear_quadratic,4.34677387379344E-17,-0.05,0.47,-0.12,0.88,0.91,49.62,1
FBRSL1,quadratic up,quadratic,1.52253307508301E-59,-0.05,0.48,0.2,0,0.65,14.18,5
ADAR,linear up quadratic down,linear_quadratic,0.000844994965181,-0.05,0.47,-0.14,0.62,0.88,43.97,1
SLIRP,linear up quadratic down,linear_quadratic,7.90990316828656E-16,-0.05,0.47,-0.12,0.89,0.91,49.61,1
SYMPK,linear up quadratic down,linear_quadratic,1.43985811006581E-12,-0.05,0.48,-0.11,0.89,0.91,49.05,1
EIF4B,linear up quadratic down,linear_quadratic,9.48710170388563E-12,-0.05,0.47,-0.1,0.94,0.91,48.96,1
VPS26C,linear up quadratic down,linear_quadratic,3.51699227893714E-07,-0.05,0.47,-0.13,0.69,0.89,45.92,1
XPO7,linear down,linear,1.2979958502719E-08,-0.05,0.47,-0.2,0,0.51,0.96,2
H2AFV,linear up quadratic down,linear_quadratic,0.020516325971028,-0.05,0.47,-0.15,0.48,0.86,40.55,1
TBCEL,linear down,linear,4.57425852642097E-06,-0.05,0.47,-0.19,-0.01,0.5,0.34,2
C19orf18,linear up,linear,9.14829382747803E-25,-0.05,0.47,0.21,0,0.49,0.8,5
SH3YL1,linear up quadratic down,linear_quadratic,2.64224461223324E-10,-0.06,0.47,-0.12,0.9,0.91,50.14,1
AC006001.2,linear up,linear,3.64099708348271E-20,-0.06,0.47,0.22,0,0.5,0.23,5
ATP5F1D,linear up quadratic down,linear_quadratic,2.25324007228559E-28,-0.06,0.47,-0.11,0.93,0.91,50.19,1
NCKAP5L,linear up,linear,1.05260783156818E-32,-0.06,0.47,0.2,0,0.48,2.25,5
SLIT3,linear down quadratic up,linear_quadratic,0.000367448603285,-0.06,0.48,0.17,-0.22,0.83,33.9,3
ARHGAP44,linear down,linear,0.001683893989239,-0.06,0.47,-0.21,0,0.54,4.07,2
GNG12,linear down,linear,4.24882486875673E-29,-0.06,0.47,-0.2,0,0.52,1.61,2
DOCK6,linear down,linear,0.000165427571316,-0.06,0.47,-0.19,-0.01,0.46,3.5,2
ARSG,linear up quadratic down,linear_quadratic,1.69193796492942E-21,-0.06,0.47,-0.09,1.12,0.93,52.97,1
RFX3,linear up quadratic down,linear_quadratic,1.13896341161831E-10,-0.06,0.47,-0.13,0.77,0.9,47.44,1
ICA1L,linear up,linear,1.79638139071766E-17,-0.06,0.47,0.21,0,0.51,0.91,5
SLC4A7,linear down,linear,0.002511923114169,-0.06,0.47,-0.21,0,0.5,0.07,2
TKT,linear down quadratic up,linear_quadratic,1.05042949751965E-13,-0.06,0.48,-0.02,-2.07,0.03,66.99,4
TMBIM4,linear up quadratic down,linear_quadratic,0.005278857412862,-0.06,0.47,-0.14,0.56,0.88,42.54,1
GOT2,linear up quadratic down,linear_quadratic,2.74826712738688E-13,-0.06,0.47,-0.11,0.9,0.91,49.53,1
PTGFRN,linear up,linear,2.43158214427543E-07,-0.06,0.47,0.2,0.04,0.45,6.6,5
CHFR,linear up,linear,3.02624949122281E-20,-0.06,0.47,0.21,0,0.48,2.18,5
MIR4435-2HG,linear down,linear,5.73440187776081E-12,-0.06,0.47,-0.2,0,0.51,0.54,2
SMARCA4,linear up,linear,3.95489374501758E-22,-0.06,0.47,0.22,0,0.49,1.09,5
NMNAT1,quadratic up,quadratic,1.40963594401572E-16,-0.06,0.47,0.22,0,0.64,14.81,5
PTPN2,linear up quadratic down,linear_quadratic,0.007410195960183,-0.06,0.47,-0.15,0.44,0.86,38.78,1
ENTPD6,linear up,linear,1.73538904494969E-19,-0.06,0.47,0.21,0,0.47,3,5
FOSL2,linear up quadratic down,linear_quadratic,0.005002846411351,-0.06,0.47,-0.14,0.67,0.89,45.94,1
KDM5B,linear down,linear,0.002204421641442,-0.06,0.47,-0.2,-0.01,0.51,1.04,2
ATP5MD,linear up quadratic down,linear_quadratic,1.55017714022799E-14,-0.06,0.47,-0.12,0.87,0.91,49.13,1
COG3,linear down,linear,0.002505602596925,-0.06,0.47,-0.21,0,0.53,2.57,2
SIRT2,linear up quadratic down,linear_quadratic,1.56089702935635E-22,-0.06,0.47,-0.11,0.9,0.91,49.69,1
SLC30A10,linear down,linear,1.22394883750744E-111,-0.06,0.47,-0.2,0,0.48,1.56,2
SLC25A42,linear up,linear,4.07259801977045E-34,-0.06,0.47,0.21,0,0.49,0.78,5
PPP1CC,linear up quadratic down,linear_quadratic,1.45979431730596E-15,-0.06,0.47,-0.11,0.92,0.91,50.03,1
C9orf72,linear up quadratic down,linear_quadratic,2.52060048762263E-17,-0.06,0.47,-0.18,0.11,0.79,28.09,1
ZNF552,linear up quadratic down,linear_quadratic,1.27669028386608E-96,-0.06,0.47,-0.04,1.69,0.97,58.99,6
KCTD9,linear down,linear,0.005463205037256,-0.06,0.47,-0.2,0,0.51,1.22,2
DENND6A-AS1,linear up quadratic down,linear_quadratic,0.001320583258963,-0.06,0.47,-0.16,0.41,0.86,39.59,1
NUP42,linear up quadratic down,linear_quadratic,2.06571715817338E-11,-0.06,0.47,-0.12,0.79,0.9,47.9,1
KY,linear down,linear,2.5470710513028E-62,-0.06,0.47,-0.2,0,0.5,0.43,2
ESR2,linear up quadratic down,linear_quadratic,0.000632102168055,-0.06,0.47,-0.13,0.72,0.89,46.4,1
TPT1,linear up quadratic down,linear_quadratic,4.85160341972636E-11,-0.06,0.47,-0.12,0.82,0.91,48.38,1
ASB10,linear up,linear,1.03960803906416E-11,-0.06,0.47,0.21,0,0.48,1.88,5
SEMA6A-AS1,linear up quadratic down,linear_quadratic,2.84606772448634E-09,-0.06,0.47,-0.17,0.21,0.82,33.12,1
SH2B3,linear up quadratic down,linear_quadratic,3.08912088506361E-97,-0.06,0.47,0.04,1.67,0.03,59,6
PRKCI,linear up quadratic down,linear_quadratic,0.00015590324313,-0.06,0.47,-0.13,0.66,0.89,44.94,1
MSL2,linear up,linear,1.44408125559931E-22,-0.06,0.47,0.22,0,0.51,1.19,5
AC026689.1,linear up quadratic down,linear_quadratic,2.69593934706188E-57,-0.06,0.47,-0.08,1.28,0.94,55.33,6
TRIOBP,linear up,linear,1.29889925893138E-23,-0.06,0.47,0.2,0,0.48,2.37,5
PSMD7,linear up quadratic down,linear_quadratic,5.17918067670983E-10,-0.06,0.47,-0.12,0.77,0.9,47.15,1
VPS41,linear down,linear,0.00238928986209,-0.06,0.47,-0.2,0,0.52,2.26,2
SLC30A5,linear up quadratic down,linear_quadratic,2.3746850631588E-22,-0.06,0.47,-0.1,1.08,0.92,52.39,1
CCDC69,linear up quadratic down,linear_quadratic,0.000580519972567,-0.06,0.47,-0.14,0.62,0.89,44.25,1
VSIG10,linear up quadratic down,linear_quadratic,5.95560992135538E-05,-0.06,0.47,-0.14,0.53,0.86,40.01,1
PSMC6,linear up quadratic down,linear_quadratic,1.0969342253701E-08,-0.06,0.47,-0.12,0.77,0.9,46.42,1
AC008731.1,linear up quadratic down,linear_quadratic,7.33936042009274E-12,-0.06,0.47,-0.12,0.82,0.9,48.21,1
ALDH2,quadratic down,quadratic,0.00170878171653,-0.06,0.47,-0.18,0,0.62,10.68,1
FYTTD1,linear up,linear,8.82937074718709E-20,-0.06,0.47,0.2,0,0.46,3.6,5
KIAA0556,linear up,linear,4.62482130446197E-72,-0.06,0.47,0.21,0,0.49,0.52,5
POLR3B,linear down,linear,1.33927949124713E-21,-0.06,0.47,-0.2,0,0.5,0.16,2
AC011092.2,linear up quadratic down,linear_quadratic,1.24169887032707E-10,-0.06,0.47,-0.12,0.78,0.9,47.57,1
ACOX3,linear up quadratic down,linear_quadratic,6.94448472717977E-13,-0.06,0.47,-0.13,0.76,0.9,47.1,1
NBR1,linear up,linear,1.84636419154577E-14,-0.06,0.47,0.22,0,0.52,2.68,5
DPM1,linear up quadratic down,linear_quadratic,1.05214782420961E-07,-0.06,0.47,-0.12,0.81,0.9,46.84,1
ZNF714,linear down quadratic up,linear_quadratic,3.45295577675716E-36,-0.06,0.47,-0.06,-1.5,0.05,58.73,4
CYB5R3,linear up quadratic down,linear_quadratic,2.12534996594464E-21,-0.06,0.47,-0.11,0.92,0.91,49.71,1
HULC,linear down,linear,0.000265497263556,-0.06,0.47,-0.21,0,0.52,1.55,2
UQCC2,linear up quadratic down,linear_quadratic,2.5018523555154E-21,-0.06,0.47,-0.19,0.04,0.75,23.64,1
YES1,linear up quadratic down,linear_quadratic,4.5215053248224E-07,-0.06,0.47,-0.12,0.79,0.9,47.58,1
NMNAT3,linear up quadratic down,linear_quadratic,1.34315443038883E-05,-0.06,0.47,-0.17,0.27,0.83,34.55,1
DGCR2,linear up quadratic down,linear_quadratic,1.86817915642616E-16,-0.06,0.47,-0.11,0.97,0.92,50.67,1
HSF2,linear down,linear,1.13420134628431E-38,-0.06,0.47,-0.2,0,0.5,0.23,2
ZNHIT6,quadratic down,quadratic,3.42925954440183E-09,-0.06,0.47,-0.2,0,0.64,13.53,1
MARK4,linear up,linear,8.06842696690994E-26,-0.06,0.47,0.21,0,0.51,0.66,5
ZNF551,linear up quadratic down,linear_quadratic,8.51091429371176E-25,-0.06,0.47,-0.08,1.2,0.94,54.04,1
SKP1,linear up,linear,4.1907640547734E-09,-0.06,0.47,0.22,0,0.5,0.44,5
CANX,linear up,linear,2.07331224161038E-33,-0.06,0.47,0.21,0,0.5,0.46,5
AC106793.1,linear down quadratic up,linear_quadratic,1.18944062333972E-10,-0.07,0.47,0.04,-1.62,0.97,57.38,4
SLC9C1,linear up quadratic down,linear_quadratic,5.79381415533576E-10,-0.07,0.47,-0.18,0.09,0.78,27.14,1
CENPP,linear down quadratic up,linear_quadratic,2.20668983383639E-22,-0.07,0.47,-0.19,-0.07,0.25,24.92,2
IRX3,linear up,linear,5.00294984063443E-21,-0.07,0.47,0.21,0,0.5,0.3,5
DPY19L1,quadratic down,quadratic,1.05999495616357E-27,-0.07,0.47,-0.2,0,0.65,14.02,1
ZFAND5,linear up quadratic down,linear_quadratic,1.13610549827099E-15,-0.07,0.47,-0.12,0.79,0.9,46.38,1
UBL3,linear down,linear,2.87529332381546E-06,-0.07,0.47,-0.21,0,0.51,1.08,2
FAM204A,linear up quadratic down,linear_quadratic,1.46227342131373E-10,-0.07,0.47,-0.18,0.14,0.8,29.81,1
RRAGD,linear up quadratic down,linear_quadratic,1.06692430145233E-15,-0.07,0.47,-0.12,0.8,0.9,47.82,1
JPH1,linear up quadratic down,linear_quadratic,2.93347733088689E-09,-0.07,0.47,-0.17,0.27,0.83,35.24,1
ZNF516,linear up quadratic down,linear_quadratic,3.4728842926551E-05,-0.07,0.47,-0.12,0.87,0.91,49.31,1
RHOT2,quadratic up,quadratic,1.88553026225354E-84,-0.07,0.47,0.2,0,0.64,13.84,5
LMBR1L,linear up quadratic down,linear_quadratic,6.65509253377055E-29,-0.07,0.47,-0.08,1.2,0.94,54.13,1
VPS35,linear up quadratic down,linear_quadratic,2.21153128932528E-07,-0.07,0.47,-0.11,0.86,0.91,48.2,1
AC100803.4,linear down quadratic up,linear_quadratic,5.15524226909554E-28,-0.07,0.47,-0.07,-1.35,0.05,56.6,4
DNAJC5,quadratic up,quadratic,3.0234501560295E-60,-0.07,0.47,0.21,0,0.65,15.06,5
SRP54,linear up quadratic down,linear_quadratic,3.41090822707709E-05,-0.07,0.47,-0.13,0.68,0.89,44.85,1
CDC42,linear up quadratic down,linear_quadratic,0.002055725277401,-0.07,0.47,-0.14,0.56,0.87,42.34,1
AP4E1,quadratic down,quadratic,0.011014947794811,-0.07,0.47,-0.18,-0.01,0.64,11.61,1
LNX2,linear up quadratic down,linear_quadratic,1.74493186830221E-06,-0.07,0.47,-0.16,0.31,0.84,36.06,1
KCNK1,linear down,linear,5.94480397074272E-05,-0.07,0.47,-0.22,0,0.48,1.98,2
LINC01936,linear up quadratic down,linear_quadratic,0.001585178727709,-0.07,0.47,-0.13,0.72,0.9,46.57,1
RTF1,linear up quadratic down,linear_quadratic,6.29643385395987E-12,-0.07,0.47,-0.12,0.82,0.9,47.72,1
MAP1B,quadratic up,quadratic,7.83243397395323E-31,-0.07,0.47,0.2,0,0.61,11.04,5
LINC00476,quadratic down,quadratic,0.001151596458963,-0.07,0.47,-0.2,0,0.65,13.66,1
PHLPP1,linear down,linear,9.2210955752205E-08,-0.07,0.47,-0.21,0,0.52,1.84,2
CD302,linear up quadratic down,linear_quadratic,1.52767414803066E-13,-0.07,0.47,-0.12,0.88,0.91,49.41,1
EOGT,linear up quadratic down,linear_quadratic,2.47686888198568E-95,-0.07,0.47,0.11,0.95,0.08,50.84,6
SLC38A7,linear up,linear,6.18873230211935E-22,-0.07,0.47,0.21,0,0.48,1.92,5
DEAF1,linear up quadratic down,linear_quadratic,9.52939284033199E-90,-0.07,0.47,-0.04,1.69,0.97,59.01,6
TBC1D14,linear up,linear,2.5620562298736E-20,-0.07,0.47,0.21,0,0.47,2.64,5
COX7A1,linear up,linear,3.53813379894819E-12,-0.07,0.47,0.21,0,0.5,0.29,5
FRA10AC1,quadratic down,quadratic,0.000934152487181,-0.07,0.47,-0.2,0,0.65,13.96,1
SNED1,linear up quadratic down,linear_quadratic,6.29883120407574E-27,-0.07,0.47,-0.08,1.29,0.95,55.58,6
GTF2IRD2,linear up quadratic down,linear_quadratic,1.73931780250963E-28,-0.07,0.46,-0.05,1.55,0.97,58.86,6
MTHFD2L,linear up quadratic down,linear_quadratic,2.2612031756281E-08,-0.07,0.47,-0.17,0.3,0.84,36.23,1
VAPB,linear down,linear,0.003146342417178,-0.07,0.47,-0.19,0,0.49,0.77,2
DHX30,linear up,linear,4.65941301785155E-18,-0.07,0.47,0.21,0,0.49,0.92,5
HMGN1,linear up quadratic down,linear_quadratic,2.0012776673315E-09,-0.07,0.47,-0.12,0.79,0.9,47.94,1
ARPP19,linear up quadratic down,linear_quadratic,0.000274082371473,-0.07,0.46,-0.13,0.67,0.89,45.37,1
SPRED1,linear up quadratic down,linear_quadratic,0.016228526520765,-0.07,0.47,-0.15,0.41,0.86,38.96,1
CEP44,linear up quadratic down,linear_quadratic,5.80828705207044E-12,-0.07,0.46,-0.18,0.09,0.78,27.09,1
TOR1AIP1,linear down quadratic up,linear_quadratic,9.78088433771349E-05,-0.07,0.47,-0.13,-0.64,0.12,43.83,2
EIF3J,linear up quadratic down,linear_quadratic,9.58164760929268E-06,-0.07,0.47,-0.16,0.32,0.83,35.13,1
SLC33A1,linear up quadratic down,linear_quadratic,0.027860534723456,-0.07,0.47,-0.14,0.49,0.86,39.89,1
DDR2,quadratic up,quadratic,5.71617310717223E-27,-0.07,0.46,0.2,0,0.64,13.25,5
AC010618.3,linear up quadratic down,linear_quadratic,3.00849057420507E-46,-0.08,0.46,-0.1,1.08,0.93,52.61,1
AC005355.1,linear up quadratic down,linear_quadratic,3.10536400038601E-16,-0.08,0.47,-0.09,1.16,0.93,53.39,1
UCKL1,linear up,linear,1.572964735273E-20,-0.08,0.46,0.22,0,0.53,2.93,5
AC068888.1,linear up quadratic down,linear_quadratic,4.90615213922216E-32,-0.08,0.46,-0.1,1.07,0.92,52.39,1
CASD1,linear up quadratic down,linear_quadratic,0.002515227053834,-0.08,0.46,-0.17,0.19,0.81,32.25,1
MAPK6,linear up quadratic down,linear_quadratic,6.21523118291412E-33,-0.08,0.46,-0.09,1.19,0.94,54.01,1
TMEM161B,quadratic down,quadratic,5.64546487358094E-10,-0.08,0.46,-0.2,0,0.65,14.7,1
DESI2,linear down,linear,0.000216809085758,-0.08,0.46,-0.19,-0.01,0.48,1.7,2
SLC45A4,linear up,linear,8.58327196153327E-33,-0.08,0.46,0.21,0,0.5,0.39,5
AC090825.1,linear down,linear,1.67935812069343E-06,-0.08,0.46,-0.21,0,0.5,0.09,2
IARS,linear down,linear,0.0089609617799,-0.08,0.46,-0.2,0,0.51,0.71,2
SEC24D,linear down,linear,5.6048746686919E-10,-0.08,0.46,-0.2,0,0.51,1.29,2
UQCR11,linear up quadratic down,linear_quadratic,4.91964581749605E-49,-0.08,0.46,-0.05,1.56,0.96,58.05,6
ADAM19,linear up quadratic down,linear_quadratic,1.64232073031814E-05,-0.08,0.47,-0.16,0.38,0.85,38.37,1
ELMOD2,quadratic down,quadratic,2.89861056400771E-11,-0.08,0.46,-0.2,0,0.65,15.05,1
LINC00662,linear up quadratic down,linear_quadratic,1.04324433152788E-10,-0.08,0.46,-0.17,0.25,0.83,33.83,1
PNKP,linear up quadratic down,linear_quadratic,6.35172820395773E-07,-0.08,0.46,-0.17,0.24,0.82,33.53,1
RMND5A,linear down,linear,2.9357882803196E-16,-0.08,0.46,-0.2,0,0.51,0.75,2
ZNF791,linear up quadratic down,linear_quadratic,0.001924046450662,-0.08,0.46,-0.14,0.52,0.87,41.28,1
PCDHGA5,linear down,linear,0.000313964938695,-0.08,0.46,-0.2,0,0.51,1.34,2
AC244033.2,quadratic down,quadratic,2.36990604810937E-08,-0.08,0.46,-0.19,0,0.65,14.28,1
LINC02388,linear up quadratic down,linear_quadratic,2.66739666640039E-97,-0.08,0.58,-0.1,1.1,0.93,52.97,1
AC023424.3,linear up quadratic down,linear_quadratic,0.000247791456087,-0.08,0.46,-0.13,0.68,0.89,45.44,1
ZNF397,linear up quadratic down,linear_quadratic,4.80114270132474E-26,-0.08,0.46,-0.09,1.18,0.94,54.04,1
RABL6,linear up,linear,1.75831206115522E-17,-0.08,0.46,0.21,0,0.47,2.61,5
NAA50,linear up quadratic down,linear_quadratic,4.80679863205652E-05,-0.08,0.46,-0.14,0.57,0.88,42.78,1
AC006299.1,linear down quadratic up,linear_quadratic,8.84223041432494E-31,-0.08,0.46,-0.19,-0.03,0.24,24.14,2
ATP1B3,linear up quadratic down,linear_quadratic,5.32171308052114E-42,-0.08,0.48,-0.09,1.16,0.93,53.79,1
GRSF1,linear up quadratic down,linear_quadratic,2.249922259449E-33,-0.08,0.46,-0.07,1.3,0.94,54.83,6
ZBTB4,linear up,linear,5.58679182157417E-35,-0.08,0.46,0.21,0,0.5,0.1,5
SOX2-OT,linear up quadratic down,linear_quadratic,1.15848376218026E-06,-0.08,0.46,-0.13,0.77,0.9,47.37,1
ACBD5,linear up quadratic down,linear_quadratic,0.018407659195714,-0.08,0.46,-0.15,0.53,0.87,42.73,1
LINC01725,quadratic down,quadratic,1.75824475876632E-42,-0.08,0.46,-0.2,0,0.64,13.3,1
GALNT11,linear down,linear,0.018526639983104,-0.08,0.46,-0.2,0,0.52,1.95,2
NUP133,linear down,linear,5.79132998807387E-05,-0.09,0.46,-0.2,0,0.5,0.33,2
RPA1,linear down quadratic up,linear_quadratic,1.51829412635934E-23,-0.09,0.46,-0.15,-0.4,0.15,37.56,2
FAM219A,linear up quadratic down,linear_quadratic,3.31838299540516E-09,-0.09,0.46,-0.09,1.08,0.91,50.95,1
MGMT,linear down quadratic up,linear_quadratic,1.52505507479578E-09,-0.09,0.46,-0.15,-0.38,0.16,37.1,2
BANP,linear up quadratic down,linear_quadratic,7.30647687647982E-07,-0.09,0.46,-0.14,0.65,0.89,44.73,1
SLX4IP,linear up quadratic down,linear_quadratic,0.013958298126636,-0.09,0.46,-0.17,0.24,0.82,33.16,1
ZNF33B,linear down,linear,1.19622769682836E-24,-0.09,0.46,-0.2,0,0.48,1.51,2
PSAP,linear up,linear,2.40622379163117E-29,-0.09,0.46,0.21,0,0.48,2.06,5
UBE2F,linear up quadratic down,linear_quadratic,1.6713185044633E-07,-0.09,0.46,-0.12,0.76,0.89,46.39,1
AC007114.2,linear up quadratic down,linear_quadratic,3.15873243144612E-19,-0.09,0.46,-0.11,0.93,0.91,50.29,1
CYFIP1,linear up,linear,1.20471379344315E-18,-0.09,0.46,0.21,0,0.47,2.86,5
COX6A2,linear up quadratic down,linear_quadratic,0.000424204238516,-0.09,0.46,-0.11,0.9,0.91,49.96,1
ZNF562,linear up quadratic down,linear_quadratic,5.28929304734888E-10,-0.09,0.46,-0.12,0.77,0.9,47.17,1
JUN,linear up,linear,1.47692375062561E-107,-0.09,0.46,0.2,0,0.5,0.09,5
PARL,linear up,linear,2.88424715888707E-11,-0.09,0.46,0.2,0.01,0.49,1.49,5
HDHD2,quadratic down,quadratic,3.49759021885754E-09,-0.09,0.46,-0.2,0,0.66,15.92,1
NASP,quadratic up,quadratic,4.93177241392577E-24,-0.09,0.46,0.21,0,0.65,15.02,5
SRGAP1,linear down quadratic up,linear_quadratic,1.48496042515139E-37,-0.09,0.46,-0.1,-1.06,0.08,52.27,4
RPL13,linear up,linear,6.77669887240353E-13,-0.09,0.46,0.2,0,0.49,1.12,5
ABHD3,linear up quadratic down,linear_quadratic,1.35239057453952E-41,-0.09,0.46,-0.1,1.07,0.93,52.58,1
AC015845.2,linear up quadratic down,linear_quadratic,2.68216009613717E-64,-0.09,0.46,-0.19,0.02,0.74,23.19,1
MPPE1,linear up quadratic down,linear_quadratic,5.15298881470092E-16,-0.09,0.46,-0.09,1.12,0.93,53.22,1
COL10A1,linear up quadratic down,linear_quadratic,7.74439745489919E-06,-0.09,0.45,-0.15,0.47,0.86,40.49,1
RAD21,linear down,linear,7.74003118921599E-24,-0.09,0.45,-0.21,0,0.52,1.74,2
CIAO2A,linear up quadratic down,linear_quadratic,0.012414713896848,-0.09,0.45,-0.14,0.56,0.87,42.47,1
PPP2R1A,quadratic up,quadratic,4.45322689192207E-26,-0.09,0.45,0.21,0,0.64,14.04,5
MTMR2,linear down,linear,6.88139551587728E-10,-0.09,0.45,-0.2,0,0.51,0.85,2
TBCD,linear down quadratic up,linear_quadratic,1.60987957455048E-21,-0.09,0.46,0.17,-0.3,0.84,36.5,3
TLE5,linear up quadratic down,linear_quadratic,2.9633350234883E-36,-0.09,0.45,-0.01,1.89,0.97,59.43,6
DENND2C,linear up quadratic down,linear_quadratic,0.013717328166835,-0.09,0.45,-0.12,0.78,0.89,46.79,1
FBXO3,linear up quadratic down,linear_quadratic,0.02527975347558,-0.10,0.45,-0.17,0.29,0.84,36.45,1
COX7C,linear up,linear,1.04460914445466E-54,-0.10,0.45,0.2,0,0.51,0.87,5
PPP1R3B,linear up quadratic down,linear_quadratic,1.0286529002371E-10,-0.10,0.45,-0.17,0.26,0.83,34.54,1
SAMD4B,linear up quadratic down,linear_quadratic,1.99464457257622E-14,-0.10,0.45,-0.1,1.06,0.92,52.29,1
GLRX3,linear up quadratic down,linear_quadratic,0.001559377552145,-0.10,0.45,-0.15,0.42,0.85,37.73,1
NDUFA13,linear up quadratic down,linear_quadratic,1.54274587444577E-05,-0.10,0.45,-0.13,0.71,0.89,46.02,1
SHLD1,linear up quadratic down,linear_quadratic,1.1949465453987E-18,-0.10,0.45,-0.09,1.08,0.92,51.5,1
SMPD4,quadratic up,quadratic,2.71600090453363E-41,-0.10,0.46,0.21,0,0.65,15.05,5
SGCE,linear up quadratic down,linear_quadratic,9.29396012304884E-12,-0.10,0.45,-0.17,0.21,0.82,32.78,1
GPR157,linear up quadratic down,linear_quadratic,2.37813288545661E-21,-0.10,0.45,-0.12,0.85,0.91,48.89,1
CHP1,linear up quadratic down,linear_quadratic,3.82199199119198E-77,-0.10,0.45,0.01,1.89,0.03,59.82,6
RNF144A,linear down,linear,3.697112559097E-12,-0.10,0.45,-0.2,0,0.51,0.59,2
DGKZ,linear up quadratic down,linear_quadratic,9.18481495969845E-67,-0.10,0.45,-0.04,1.66,0.97,58.77,6
NDUFB1,linear up quadratic down,linear_quadratic,2.424258797024E-15,-0.10,0.45,-0.11,0.94,0.91,49.98,1
BLCAP,linear up quadratic down,linear_quadratic,1.23314854176153E-38,-0.10,0.45,-0.07,1.4,0.95,56.49,6
ITGA3,linear up quadratic down,linear_quadratic,3.873391892561E-12,-0.10,0.45,-0.14,0.64,0.89,44.38,1
LEMD3,linear down,linear,3.26859160543493E-22,-0.10,0.45,-0.2,0,0.5,0.13,2
SLC6A6,linear down quadratic up,linear_quadratic,1.94446758711255E-18,-0.10,0.47,0.11,-1.02,0.94,54.67,3
SLC39A10,linear down,linear,2.94788396015374E-46,-0.10,0.45,-0.21,0,0.51,1.05,2
C3orf52,linear down quadratic up,linear_quadratic,6.26178115568761E-06,-0.10,0.45,0.07,-1.3,0.93,53.77,4
AC007038.1,linear up quadratic down,linear_quadratic,0.024250801645033,-0.10,0.45,-0.15,0.43,0.86,39.41,1
NACA,linear up quadratic down,linear_quadratic,2.87165652552135E-29,-0.10,0.45,-0.09,1.16,0.93,53.78,1
EXOC1,linear down,linear,7.77126047129839E-06,-0.10,0.45,-0.21,0,0.52,2.35,2
MAP2K1,linear up quadratic down,linear_quadratic,5.06528689676476E-35,-0.10,0.45,-0.06,1.43,0.95,56.27,6
TSPAN12,linear up quadratic down,linear_quadratic,7.89429669137191E-28,-0.11,0.45,-0.18,0.06,0.75,24.12,1
STRIP2,linear up quadratic down,linear_quadratic,3.99141380968112E-07,-0.11,0.45,-0.15,0.43,0.86,38.91,1
AC008696.2,linear up quadratic down,linear_quadratic,2.99329515225921E-24,-0.11,0.45,-0.11,0.93,0.91,50.31,1
RNF34,linear up quadratic down,linear_quadratic,5.43228297143567E-17,-0.11,0.45,-0.11,0.98,0.92,50.85,1
SLCO1C1,linear up quadratic down,linear_quadratic,1.8284515732354E-30,-0.11,0.46,-0.17,0.21,0.82,32.63,1
TUBGCP2,linear up quadratic down,linear_quadratic,3.79444648708064E-12,-0.11,0.45,-0.11,0.92,0.91,50.25,1
ATP9A,linear up quadratic down,linear_quadratic,0.046501427168224,-0.11,0.45,-0.15,0.48,0.86,39.7,1
DNASE1,linear up quadratic down,linear_quadratic,4.14984985399538E-10,-0.11,0.45,-0.13,0.7,0.89,45.54,1
RCHY1,linear up quadratic down,linear_quadratic,0.001164169989545,-0.11,0.45,-0.18,0.18,0.82,32.41,1
NDUFB5,linear up quadratic down,linear_quadratic,0.000872142208725,-0.11,0.45,-0.14,0.59,0.88,43.44,1
RNF14,linear up quadratic down,linear_quadratic,5.76556410510356E-07,-0.11,0.44,-0.17,0.27,0.83,34.93,1
NDUFS8,linear up quadratic down,linear_quadratic,1.91532283987673E-29,-0.11,0.44,-0.1,1.05,0.92,52.13,1
BEND7,linear up quadratic down,linear_quadratic,1.04756193263839E-11,-0.11,0.44,-0.18,0.11,0.79,28.88,1
CEP290,linear up quadratic down,linear_quadratic,2.08000988448742E-06,-0.11,0.45,-0.13,0.61,0.88,43.03,1
AVEN,linear down,linear,1.10536923580394E-08,-0.12,0.44,-0.2,0,0.52,1.44,2
FNTA,linear up quadratic down,linear_quadratic,0.00167554776468,-0.12,0.44,-0.14,0.6,0.88,43.53,1
USP16,linear up quadratic down,linear_quadratic,0.000934368174941,-0.12,0.44,-0.14,0.63,0.89,44.76,1
XPA,linear up quadratic down,linear_quadratic,0.007339722431914,-0.12,0.44,-0.17,0.24,0.83,33.65,1
AC131571.1,linear up quadratic down,linear_quadratic,2.0704356862588E-09,-0.12,0.44,-0.12,0.78,0.9,47.54,1
PNRC1,linear up quadratic down,linear_quadratic,5.83971264535358E-05,-0.12,0.44,-0.17,0.18,0.81,31.28,1
POM121C,linear up quadratic down,linear_quadratic,1.86969382578907E-11,-0.12,0.44,-0.1,1.08,0.92,52.02,1
BMPR1B,linear down,linear,7.72600902818307E-59,-0.12,0.44,-0.2,0,0.52,1.7,2
MTG1,linear up quadratic down,linear_quadratic,1.63466134392614E-17,-0.12,0.44,-0.1,1.06,0.93,52.51,1
PRIMPOL,linear up quadratic down,linear_quadratic,4.4681576954817E-06,-0.12,0.44,-0.18,0.07,0.76,24.9,1
FAM193B,linear up quadratic down,linear_quadratic,4.38467383600895E-14,-0.12,0.44,-0.1,1.02,0.92,50.66,1
NFIX,linear up,linear,3.19033610939285E-40,-0.12,0.44,0.21,0,0.48,1.8,5
MAP7D1,linear up quadratic down,linear_quadratic,6.5633400186465E-49,-0.12,0.44,-0.05,1.56,0.97,58.31,6
AP002812.2,linear up quadratic down,linear_quadratic,0.007040932200333,-0.12,0.44,-0.14,0.6,0.88,43.99,1
CFAP70,linear up quadratic down,linear_quadratic,3.94800274169896E-24,-0.12,0.44,-0.1,1.1,0.93,53.2,1
KCNH2,linear up quadratic down,linear_quadratic,4.44101501688472E-08,-0.12,0.44,-0.14,0.54,0.87,41.72,1
RPL34-AS1,linear up quadratic down,linear_quadratic,5.5790832715417E-17,-0.12,0.44,-0.11,0.96,0.92,50.64,1
SLC29A1,linear up quadratic down,linear_quadratic,2.36290202537204E-08,-0.12,0.44,-0.13,0.7,0.89,45.98,1
NQO2,linear up quadratic down,linear_quadratic,0.00081658233131,-0.13,0.44,-0.15,0.5,0.87,40.91,1
CYREN,quadratic down,quadratic,5.5226216330233E-71,-0.13,0.44,-0.2,0,0.64,13.53,1
PDZD8,linear up quadratic down,linear_quadratic,2.44968862295297E-06,-0.13,0.44,-0.18,0.16,0.81,31.19,1
POLR2B,linear up quadratic down,linear_quadratic,3.9587012340417E-05,-0.13,0.44,-0.13,0.6,0.87,41.95,1
UGDH-AS1,linear up quadratic down,linear_quadratic,0.000617094268299,-0.13,0.44,-0.13,0.63,0.88,43.76,1
RDH13,linear up quadratic down,linear_quadratic,1.43298523007871E-31,-0.13,0.44,-0.1,1.03,0.92,51.78,1
ELMOD3,linear up quadratic down,linear_quadratic,4.30655450939503E-07,-0.13,0.44,-0.13,0.74,0.89,46.08,1
SMIM7,quadratic up,quadratic,1.78322249112618E-64,-0.14,0.43,0.2,0,0.65,14.83,5
SERF2,linear up quadratic down,linear_quadratic,3.59508039086249E-23,-0.14,0.43,-0.1,1.05,0.92,52.14,1
INTS8,linear up quadratic down,linear_quadratic,3.0993303566104E-06,-0.14,0.43,-0.18,0.12,0.79,28.29,1
USP3-AS1,linear up quadratic down,linear_quadratic,3.41819209915011E-11,-0.14,0.43,-0.17,0.28,0.83,35.2,1
PCOLCE2,linear up quadratic down,linear_quadratic,5.00842893346418E-05,-0.14,0.43,-0.17,0.22,0.82,32.98,1
KCTD1,linear up,linear,1.21937038854994E-25,-0.14,0.43,0.21,0,0.49,1.46,5
LINC02269,linear up quadratic down,linear_quadratic,7.30346623393906E-18,-0.14,0.45,-0.18,0.19,0.82,32.71,1
CCDC125,linear down quadratic up,linear_quadratic,1.50088520272976E-09,-0.14,0.43,0.17,-0.31,0.85,37.75,3
DROSHA,linear down,linear,5.06884599332607E-30,-0.15,0.43,-0.21,0,0.51,1.07,2
TIPARP,linear up,linear,5.10334877807554E-64,-0.15,0.43,0.2,0,0.5,0.2,5
NOP58,linear up quadratic down,linear_quadratic,1.80322773887754E-19,-0.15,0.43,-0.09,1.12,0.92,52.15,1
ZNF536,linear up quadratic down,linear_quadratic,0.003947354712059,-0.15,0.43,-0.14,0.63,0.89,44.61,1
PPP2R3C,linear up quadratic down,linear_quadratic,5.44949196513841E-30,-0.15,0.43,-0.08,1.21,0.94,54.35,1
VAT1L,linear down quadratic up,linear_quadratic,4.98889512145288E-23,-0.15,0.43,0.03,-1.79,0.97,59.88,4
ADAMTS15,linear up quadratic down,linear_quadratic,5.33469537744605E-10,-0.15,0.43,-0.13,0.7,0.89,46.06,1
RNF214,linear up quadratic down,linear_quadratic,1.17740088661164E-15,-0.15,0.43,-0.09,1.15,0.93,52.84,1
UBE2V2,linear up quadratic down,linear_quadratic,4.93709097743438E-08,-0.15,0.43,-0.12,0.79,0.89,45.63,1
EXOC5,linear up quadratic down,linear_quadratic,6.58056590754188E-05,-0.16,0.42,-0.18,0.12,0.79,28.77,1
SGPP1,linear up quadratic down,linear_quadratic,1.81196121923258E-07,-0.16,0.42,-0.12,0.77,0.9,46.91,1
NIPSNAP3B,linear up quadratic down,linear_quadratic,2.28983411698931E-07,-0.17,0.41,-0.13,0.74,0.9,46.79,1
PRMT7,linear down,linear,2.66261366146334E-06,-0.17,0.42,-0.19,-0.01,0.5,0,2
PPIL4,linear up quadratic down,linear_quadratic,0.016344436044816,-0.17,0.41,-0.14,0.53,0.87,41.94,1
SRP14-AS1,linear up quadratic down,linear_quadratic,5.53579679587313E-14,-0.18,0.41,-0.12,0.8,0.9,47.99,1
CDKL3,linear up quadratic down,linear_quadratic,6.19241969101128E-14,-0.18,0.41,-0.09,1.15,0.93,53.02,1
HERPUD2,quadratic down,quadratic,5.58522038291997E-08,-0.18,0.41,-0.2,0,0.65,14.29,1
RFC3,linear up quadratic down,linear_quadratic,7.75398639240481E-32,-0.18,0.41,-0.18,0.1,0.79,28.06,1
C6orf62,linear down quadratic up,linear_quadratic,7.18819204014594E-11,-0.20,0.41,0.13,-0.72,0.9,47.09,3
NDUFAB1,linear up quadratic down,linear_quadratic,3.80686230034224E-37,-0.20,0.40,-0.08,1.22,0.94,54.66,1
DANCR,linear up,linear,5.04125261252078E-17,-0.20,0.40,0.2,0,0.53,2.86,5
PDE6D,linear down quadratic up,linear_quadratic,2.08081199073353E-16,-0.20,0.40,0.11,-0.98,0.92,51.57,3
PRR12,linear down quadratic up,linear_quadratic,0.000306901366165,-0.21,0.40,0.1,-1.06,0.93,52.74,3
APOBEC2,quadratic down,quadratic,3.5412529005072E-05,-0.21,0.40,-0.2,0,0.65,14.44,1
CYCS,quadratic up,quadratic,1.36118193933015E-20,-0.23,0.39,0.2,0,0.66,15.22,5
KATNAL2,linear up quadratic down,linear_quadratic,5.04069254692785E-20,-0.23,0.39,-0.12,0.81,0.9,48.03,1
SCRN3,quadratic down,quadratic,3.73079518597056E-11,-0.24,0.38,-0.2,0,0.65,14.67,1
ARHGAP1,quadratic down,quadratic,2.04623292134585E-32,-0.24,0.38,-0.2,0,0.65,14.33,1
CLUH,quadratic up,quadratic,3.86334468944555E-46,-0.24,0.38,0.2,0,0.65,13.93,5
TOB1-AS1,linear down,linear,8.43855576211116E-05,-0.24,0.38,-0.21,0,0.5,0.34,2
SYPL1,quadratic down,quadratic,2.70170745364296E-13,-0.25,0.38,-0.2,0,0.65,14.02,1
AL050309.1,linear down,linear,2.2990503974416E-33,-0.25,0.38,-0.21,0,0.52,1.51,2
MT-ND1,linear down,linear,5.57098009961314E-44,-0.25,0.39,-0.21,0,0.5,0.35,2
SERINC3,linear down,linear,0.007700990512982,-0.25,0.38,-0.2,0,0.5,0.18,2
NPM1,quadratic down,quadratic,8.72650494531172E-19,-0.25,0.38,-0.2,0,0.65,14.21,1
PIP4K2A,quadratic down,quadratic,0.016931281291659,-0.26,0.38,-0.2,0,0.65,14.5,1
SPTBN4,linear down,linear,1.01366970777427E-19,-0.26,0.38,-0.2,0,0.5,0.28,2
DYNLT1,linear up,linear,1.06138051545996E-10,-0.26,0.37,0.2,0,0.5,0.27,5
EIF3M,linear down,linear,0.000274082371473,-0.27,0.37,-0.2,0,0.49,0.57,2
ORC5,linear down,linear,7.5997070632732E-16,-0.27,0.37,-0.2,0,0.49,0.49,2
RSPRY1,quadratic down,quadratic,0.008156273184212,-0.28,0.37,-0.2,0,0.65,14.48,1
STARD9,quadratic down,quadratic,1.12271664061273E-45,-0.28,0.37,-0.2,0,0.66,14.99,1
SNHG25,linear down,linear,9.43993325335062E-141,-0.29,0.36,-0.2,0,0.51,0.71,2
BAG3,linear down,linear,1.28997567277911E-06,-0.30,0.35,-0.21,0,0.5,0.27,2
ATP6V1C1,linear down,linear,0.017751878376454,-0.30,0.35,-0.2,0,0.5,0.31,2
SDC4,quadratic up,quadratic,2.38151111524516E-11,-0.31,0.35,0.2,0,0.64,13.74,5
ZNF490,linear down,linear,7.64812569970978E-12,-0.31,0.35,-0.2,0,0.49,0.65,2
